date,infl_yoy,core_infl_yoy,unrate,fedfunds,gs10,tb3ms,spread,d_indpro,d_payems,d_oil,sentiment,d_m2
1991-01-01,5.647058823529405,5.601816805450421,6.4,6.91,8.09,6.22,1.87,-0.3255879168894804,-0.10076212809614349,-23.10393258426967,66.8,0.485971025123777
1991-02-01,5.312500000000009,5.6518462697814575,6.6,6.25,7.85,5.94,1.9099999999999993,-0.7388505859934114,-0.2961726787580887,-11.963470319634695,70.4,0.5109955287891266
1991-03-01,4.821150855365497,5.243445692883886,6.8,6.12,8.11,5.91,2.1999999999999993,-0.5754418806996231,-0.15358440244631621,1.8153526970954292,87.7,0.5265546981389146
1991-04-01,4.809930178432875,5.149253731343295,6.7,5.91,8.04,5.65,2.389999999999999,0.26386186367357567,-0.20079581460467066,6.928171166581754,81.8,0.3160841686986382
1991-05-01,5.034856700232382,5.133928571428581,6.9,5.78,8.07,5.46,2.6100000000000003,0.9414187900247617,-0.08952468850945694,0.8099094807050955,78.3,0.31808906493817624
1991-06-01,4.695919938414161,4.959289415247969,6.9,5.9,8.28,5.57,2.709999999999999,0.8103066817548354,0.07112966846183344,-2.835538752362954,82.1,0.2662279389769706
1991-07-01,4.367816091954024,4.786450662739328,6.8,5.82,8.27,5.58,2.6899999999999995,0.28006062565282264,-0.03692421305271365,5.544747081712065,82.9,0.1253020674841121
1991-08-01,3.7993920972644313,4.612005856515378,6.9,5.66,7.9,5.33,2.5700000000000003,-0.0011339613319227837,0.009234463015972416,2.6728110599078425,82.0,-0.032776138970824764
1991-09-01,3.396226415094339,4.595185995623652,6.9,5.45,7.65,5.22,2.4300000000000006,0.7932959445843046,0.03231763619575556,-0.13464991023339756,83.0,-0.002980625931447989
1991-10-01,2.8485757121439192,4.433139534883712,7.0,5.21,7.53,4.99,2.54,-0.054645247872453506,0.023999630774906855,4.674157303370774,78.3,0.15499716832094723
1991-11-01,3.0665669409125185,4.492753623188395,7.0,4.81,7.42,4.56,2.8600000000000003,-0.1582362447837493,-0.056293315860866944,-7.771575783598106,69.1,0.16070950269337914
1991-12-01,2.980625931445613,4.401154401154406,7.3,4.43,7.09,4.07,3.0199999999999996,-0.48625237770808516,0.027700831024923822,-10.847299813780264,68.2,0.19907888872381374
1992-01-01,2.672605790645899,4.014336917562722,7.3,4.03,7.03,3.8,3.2300000000000004,-0.5237500242776694,0.032308686421123056,-1.1488250652741505,67.5,0.2668880849297173
1992-02-01,2.8189910979228294,3.708987161198296,7.4,4.06,7.34,3.84,3.5,0.7059692556002473,-0.048908780510315,-1.267828843106178,68.8,0.5560156157577323
1992-03-01,3.189910979228472,3.843416370106767,7.4,3.98,7.54,4.04,3.5,0.8525660185312312,0.05077923037151155,4.280363830925604,76.0,0.11470588235293899
1992-04-01,3.1828275351591495,3.8325053229240735,7.4,3.73,7.48,3.75,3.7300000000000004,0.7590126747747616,0.13749573209556054,7.1318624935864605,77.2,-0.12338787860983746
1992-05-01,3.0235988200590036,3.8924274593064467,7.6,3.82,7.39,3.63,3.76,0.32910949647837473,0.11979800213792746,5.986590038314166,79.2,-0.03235579609964789
1992-06-01,3.0147058823529305,3.7376586741889817,7.8,3.76,7.26,3.66,3.5999999999999996,0.05118534482757564,0.05522522688363729,-1.3104383190239433,80.4,-0.15300417819101853
1992-07-01,3.1571218795888534,3.7245256500351154,7.7,3.25,6.84,3.21,3.63,0.9207064715544,0.08003238091733866,-0.04578754578755673,76.6,0.014734484587730634
1992-08-01,3.0746705710102518,3.4989503149055246,7.6,3.3,6.59,3.13,3.46,-0.5591861589262614,0.11305874458835685,-1.6949152542372725,76.1,0.1443766758006948
1992-09-01,2.9927007299270114,3.2775453277545274,7.6,3.22,6.42,2.91,3.51,0.32985434326631147,0.03213485621946788,1.724137931034475,75.6,0.3383547134282683
1992-10-01,3.279883381924198,3.549060542797511,7.3,3.1,6.59,2.86,3.73,0.675158053367686,0.17255463465226661,-5.267979844251025,73.3,0.39585960179455704
1992-11-01,3.1204644412191396,3.4674063800277377,7.4,3.09,6.87,3.13,3.74,0.37922171266961957,0.13194183564078088,-3.7234042553191515,85.3,0.07885974648051963
1992-12-01,2.966714905933454,3.386316516931598,7.4,2.92,6.77,3.22,3.5499999999999994,0.16889209896300272,0.20039713404647053,-2.1094927172275346,91.0,-0.05253173792499899
1993-01-01,3.2537960954446943,3.4458993797381154,7.3,3.02,6.6,3.0,3.5999999999999996,0.3839896069506743,0.263008894814698,4.002052334530526,89.3,-0.16351797237713628
1993-02-01,3.2467532467532534,3.576341127922955,7.1,3.03,6.26,2.93,3.3299999999999996,0.4815953484483826,0.2340832498405998,1.2826837691169324,86.6,-0.1345383287999713
1993-03-01,3.0194104960460155,3.358464701850594,7.0,3.07,5.98,2.95,3.0300000000000002,-0.08735319809765052,-0.03907421374503839,-0.4383828543594759,85.9,-0.08200322155513806
1993-04-01,3.1563845050215145,3.4859876965140035,7.1,2.96,5.97,2.87,3.0999999999999996,0.2743160602107775,0.26908112432275644,0.4892367906066397,85.6,-0.011724360289577795
1993-05-01,3.2211882605583497,3.4059945504087086,7.1,3.0,6.04,2.96,3.08,-0.37844013772083684,0.24569356300996326,-2.434274586173324,80.3,0.7504470436490385
1993-06-01,2.9978586723768963,3.3990482664853827,7.0,3.04,5.96,3.07,2.89,0.22551864657938125,0.1546517622161403,-6.0878243512973995,81.5,0.16002793214815458
1993-07-01,2.8469750889679624,3.1842818428184483,6.9,3.06,5.81,3.04,2.7699999999999996,0.2696746193213917,0.28173592674864967,-4.675876726886285,77.0,-0.01161980013943964
1993-08-01,2.840909090909083,3.313049357674114,6.8,3.03,5.68,3.02,2.6599999999999997,-0.12057408624809307,0.13146757433319944,1.672240802675562,77.3,0.10749564206855577
1993-09-01,2.7639971651311157,3.241053342336264,6.7,3.09,5.36,2.95,2.41,0.5305512966212289,0.22302158273381778,2.6315789473684292,77.9,0.18864091476333833
1993-10-01,2.752293577981657,3.0913978494623517,6.8,2.99,5.33,3.02,2.31,0.733038914392603,0.2566219223314903,-9.348290598290598,82.7,0.13035165981114538
1993-11-01,2.7445460942997935,3.1501340482573914,6.6,3.02,5.72,3.1,2.6199999999999997,0.45694136298819465,0.22643062988885188,-9.487330583382436,81.2,0.38765296380942615
1993-12-01,2.8109627547435068,3.141711229946531,6.5,2.96,5.77,3.06,2.7099999999999995,0.5922741331301662,0.30182074705100703,-7.6171875,88.2,0.1267974986311593
1994-01-01,2.450980392156854,2.931379080612939,6.6,3.05,5.75,2.98,2.77,0.28778124417676576,0.24571555753394314,7.3995771670190225,94.3,0.011512447834216566
1994-02-01,2.515723270440251,2.788844621513964,6.6,3.25,5.97,3.25,2.7199999999999998,0.05829016514546925,0.16074457598067582,-4.855643044619429,93.2,0.023022245244463946
1994-03-01,2.6517794836008246,2.984084880636595,6.5,3.34,6.48,3.5,2.9800000000000004,1.0201575463503865,0.4105265024560767,1.93103448275862,91.5,0.1265932042466389
1994-04-01,2.364394993045882,2.7080581241743618,6.4,3.56,6.97,3.68,3.2899999999999996,0.5913554477638527,0.30376617069185485,14.479025710419503,92.6,0.034481767765304205
1994-05-01,2.288488210818307,2.7009222661396493,6.1,4.01,7.18,4.14,3.04,0.4601048425961096,0.29316219000079524,8.15602836879432,92.8,0.272886565363506
1994-06-01,2.494802494802495,2.827087442472065,6.1,4.25,7.1,4.14,2.96,0.6751136558680537,0.27826056424571366,5.846994535519134,91.2,-0.3237080325426911
1994-07-01,2.69896193771626,2.8890347997373444,6.1,4.26,7.3,4.33,2.9699999999999998,0.13303898639738243,0.3230070291231568,4.801239029426951,89.0,0.2500359247018302
1994-08-01,2.900552486187835,2.814136125654443,6.0,4.47,7.24,4.48,2.76,0.6704230927067067,0.2565265950021045,-13.300492610837434,91.7,-0.07167020239665645
1994-09-01,2.965517241379323,3.00850228907783,5.9,4.73,7.46,4.62,2.84,0.3145485953005789,0.29938556334963007,4.318181818181799,91.5,0.011475456866638645
1994-10-01,2.609890109890123,2.8683181225554133,5.8,4.76,7.74,4.95,2.79,0.8045120691220431,0.18308661471981846,-1.0893246187363759,92.7,-0.051633630704794875
1994-11-01,2.602739726027403,2.7940220922676895,5.6,5.29,7.96,5.29,2.67,0.6835881660052667,0.35511056064161384,-0.5506607929515517,91.6,0.08323049105989355
1994-12-01,2.597402597402576,2.5923525599481634,5.5,5.45,7.81,5.6,2.21,1.0218279603479097,0.2649589615679959,-1.6057585825027587,95.1,-0.022941041523272254
1995-01-01,2.8708133971291794,2.9126213592232997,5.6,5.53,7.78,5.71,2.0700000000000003,0.17019829295750188,0.28491745140908353,3.9954980303883003,97.6,0.17209729233593762
1995-02-01,2.862985685071595,2.9715762273901714,5.4,5.92,7.47,5.77,1.7000000000000002,-0.11280505770735472,0.16222479721901273,0.21645021645020357,95.1,-0.07158401099530698
1995-03-01,2.7872195785180187,2.962009014810052,5.4,5.98,7.2,5.73,1.4699999999999998,0.16616802213702542,0.18338560680069005,3.5637149028077797,90.3,0.03438493939653675
1995-04-01,3.125000000000022,3.1511254019292556,5.8,6.05,7.06,5.65,1.4099999999999993,-0.17262341311966578,0.13514900605604563,6.15224191866528,92.5,0.23201856148491462
1995-05-01,3.1186440677966054,3.078896728672209,5.6,6.01,6.63,5.67,0.96,0.49109262490132366,-0.01708437975159738,-7.269155206286837,89.8,0.7144490169181505
1995-06-01,3.0425963488843744,3.0051150895140655,5.6,6.0,6.17,5.47,0.7000000000000002,0.3314331723927699,0.20931941288040434,-7.944915254237284,92.7,0.7008682821633361
1995-07-01,2.8301886792452713,2.999361837906833,5.7,5.85,6.28,5.42,0.8600000000000003,-0.4181127385757377,0.07758481042876575,1.3808975834292303,94.4,0.5212882865113233
1995-08-01,2.6174496644295386,2.991725015913449,5.7,5.74,6.49,5.4,1.0899999999999999,1.3256420444688333,0.22490671482851,1.53234960272417,96.2,0.6054829848068488
1995-09-01,2.54521098459477,2.984126984126978,5.6,5.8,6.2,5.28,0.9199999999999999,0.4033288089442033,0.19295173656563858,-1.9564002235886058,88.9,0.36500417943716723
1995-10-01,2.7443105756358666,3.1051964512040398,5.5,5.76,6.04,5.28,0.7599999999999998,-0.1757561088312487,0.1298007177216176,0.741163055872307,90.2,0.31370589378418856
1995-11-01,2.603471295060067,3.034134007585343,5.6,5.8,5.93,5.36,0.5699999999999994,0.26354726629984615,0.11777066070188802,3.3955857385398858,88.2,0.17988597996347888
1995-12-01,2.5316455696202667,3.032217308907126,5.6,5.6,5.71,5.14,0.5700000000000003,0.347083386577518,0.13540388439894357,6.951286261631084,91.0,0.26520069615183495
1996-01-01,2.7906976744185963,2.955974842767284,5.6,5.56,5.65,5.0,0.6500000000000004,-0.5723636015089628,-0.006761039509828315,-9.109518935516881,89.3,0.5069568811131075
1996-02-01,2.717031146454607,2.8858218318695172,5.5,5.22,5.81,4.83,0.9799999999999995,1.4635221208469718,0.35582376158962425,10.304054054054035,88.5,0.38104114696126956
1996-03-01,2.8439153439153486,2.814258911819878,5.5,5.31,6.27,4.96,1.3099999999999996,-0.12242925706344998,0.21391635365257677,9.39254721796836,93.7,0.6854552405920478
1996-04-01,2.832674571805005,2.6184538653366562,5.6,5.22,6.51,4.95,1.5599999999999996,0.995039749949056,0.13950517681859953,-2.2398506766215576,92.7,0.29292901895900947
1996-05-01,2.827087442472065,2.675793403858129,5.6,5.24,6.74,5.02,1.7200000000000006,0.7473370902025378,0.2844962151093533,-5.632458233890214,89.4,0.3218216729318213
1996-06-01,2.8215223097112663,2.669149596523912,5.3,5.27,6.91,5.09,1.8200000000000003,0.7622281048073498,0.2284576181828868,5.816894284269103,92.4,0.34774638775070255
1996-07-01,2.8833551769331667,2.664188351920682,5.5,5.4,6.87,5.15,1.7199999999999998,0.015375785523707997,0.20789847207147716,-2.198852772466542,94.7,0.39220953660175084
1996-08-01,2.8122956180510084,2.595797280593315,5.1,5.22,6.64,5.05,1.5899999999999999,0.5118289203219328,0.14914305235005365,8.748778103616806,95.3,0.18463514489845956
1996-09-01,3.0045721750489918,2.6510480887792953,5.2,5.3,6.83,5.09,1.7400000000000002,0.6259139173877992,0.16805604086589376,8.764044943820215,94.7,0.2510683760683863
1996-10-01,3.0618892508143203,2.5199754148740094,5.2,5.24,6.53,4.99,1.54,0.029613789018778647,0.2200996677740763,-3.9256198347107363,96.5,0.5168647093302114
1996-11-01,3.2530904359141077,2.5766871165644023,5.4,5.31,6.2,5.03,1.17,0.9186726470557405,0.23370488542659995,1.9354838709677358,99.2,0.5910729431721773
1996-12-01,3.378817413905133,2.636419374616805,5.4,5.29,6.3,4.91,1.3899999999999997,0.6407086216587032,0.1620544536036439,9.282700421940927,96.9,0.6192195199072437
1997-01-01,3.0381383322559907,2.504581551618834,5.3,5.25,6.58,5.03,1.5499999999999998,0.15851253590393188,0.17582526435699908,-6.756756756756754,97.4,0.4190017283821401
1997-02-01,3.0322580645161246,2.499999999999991,5.2,5.19,6.42,5.01,1.4100000000000001,1.1938518753170868,0.26121493786874783,-15.942028985507239,99.7,0.30511657017682214
1997-03-01,2.7652733118971096,2.4330900243308973,5.2,5.39,6.69,5.14,1.5500000000000007,0.6346132066227916,0.26135625816738894,0.24630541871921707,100.0,0.3873852793593757
1997-04-01,2.434336963484962,2.6123936816524918,5.1,5.51,6.89,5.16,1.7299999999999995,0.11722010065502442,0.24428031576100295,-0.7371007371007487,101.4,0.40919921268001147
1997-05-01,2.237851662404089,2.5454545454545396,4.9,5.5,6.71,5.05,1.6600000000000001,0.5539648397783647,0.22160619516065072,3.960396039603964,103.2,0.31467629610522074
1997-06-01,2.233567326100827,2.41837968561065,5.0,5.56,6.49,4.93,1.5600000000000005,0.4595965749441433,0.2088772845953102,-5.619047619047612,104.5,0.4319654427645814
1997-07-01,2.165605095541401,2.4140012070005934,4.9,5.52,6.22,5.05,1.17,0.8542220977454162,0.24263939551849578,1.8668012108980836,107.1,0.458269329237071
1997-08-01,2.2900763358778775,2.2891566265060392,4.8,5.54,6.3,5.14,1.1600000000000001,1.0004661403578252,-0.021930893318389266,-2.625061911837545,104.4,0.8537424501134039
1997-09-01,2.21940393151554,2.2222222222222143,4.9,5.54,6.21,4.95,1.2599999999999998,0.9159267160430806,0.3964675392202244,7.477110885045768,106.0,0.3967251225552193
1997-10-01,2.0859671302149163,2.278177458033559,4.7,5.5,6.03,4.97,1.0600000000000005,0.8866930363580661,0.2824195832490384,-0.14197823000472454,105.6,0.48324985527674613
1997-11-01,1.8903591682419618,2.1531100478469067,4.6,5.52,5.88,5.14,0.7400000000000002,0.7875135934105604,0.2428908040411848,-9.336492890995274,107.2,0.5635849009342886
1997-12-01,1.6970458830924073,2.270011947431283,4.7,5.5,5.81,5.16,0.6499999999999995,0.4258485271143364,0.26081706580800557,-7.73653946680607,102.1,0.45083192188901666
1998-01-01,1.6311166875784044,2.264600715137055,4.6,5.56,5.54,5.04,0.5,0.4383363230729298,0.20634449092324925,-2.4929178470254776,106.6,0.5777480225148013
1998-02-01,1.440200375704448,2.2605591909577782,4.6,5.51,5.57,5.09,0.4800000000000004,0.1618798460184756,0.16906238482123914,-10.284718187100527,110.4,0.8061732656180709
1998-03-01,1.3767209011263937,2.25653206650831,4.7,5.49,5.65,5.03,0.6200000000000001,0.035165282749005655,0.11838389978962027,2.0077720207253957,106.5,0.6211939641468378
1998-04-01,1.4383989993745905,2.131438721136769,4.3,5.45,5.64,4.95,0.6899999999999995,0.3431256509800251,0.2237047097830791,-1.2063492063491998,108.7,0.6295117030843622
1998-05-01,1.6885553470919357,2.1867612293144267,4.4,5.49,5.65,5.0,0.6500000000000004,0.6591340431881365,0.318864841165456,-2.249357326478152,106.5,0.5845128254673648
1998-06-01,1.6229712858926382,2.2432113341204207,4.5,5.56,5.5,4.98,0.5199999999999996,-0.5998591461821245,0.183559140212175,-5.982905982905984,105.6,0.47305734319471604
1998-07-01,1.74563591022443,2.2392457277548683,4.5,5.54,5.46,4.96,0.5,-0.3845573464364205,0.10787144262192072,-0.20979020979021712,105.2,0.4708300470829929
1998-08-01,1.6169154228855787,2.473498233215543,4.5,5.55,5.34,4.9,0.4399999999999995,2.070330159316258,0.26463410769181905,-6.86755430974072,104.4,0.5923212331699901
1998-09-01,1.4267990074441794,2.3501762632197387,4.6,5.51,4.81,4.61,0.1999999999999993,-0.05321862535943023,0.15646484282394457,21.820917983446208,100.9,0.922269255326702
1998-10-01,1.4860681114551078,2.2274325908558046,4.5,5.07,4.53,3.96,0.5700000000000003,0.6836260369526892,0.16174335668750484,-10.562075355157507,97.4,0.9419593692152617
1998-11-01,1.4842300556586308,2.3419203747072626,4.4,4.83,4.83,4.41,0.41999999999999993,-0.07581396313459665,0.21504698737289107,-21.477900552486197,102.7,0.8983495438612987
1998-12-01,1.606922126081578,2.453271028037385,4.4,4.68,4.65,4.39,0.2600000000000007,0.4530380879463447,0.2931882850450318,6.77220756376431,100.5,0.6671881470574625
1999-01-01,1.6666666666666607,2.331002331002341,4.3,4.63,4.72,4.34,0.3799999999999999,0.43205518919633423,0.08150789607743736,5.518945634266892,103.9,0.6261998354511356
1999-02-01,1.6666666666666607,2.1524141942990127,4.4,4.76,5.0,4.44,0.5599999999999996,0.608149732155816,0.3273322422258529,-3.9032006245121043,108.1,0.5178287531228731
1999-03-01,1.7283950617283939,2.0325203252032464,4.2,4.81,5.23,4.44,0.79,0.22686221273018337,0.09132277527572619,35.33712428919578,105.7,0.15364453884043616
1999-04-01,2.281134401972884,2.2028985507246412,4.3,4.74,5.18,4.29,0.8899999999999997,0.22986238859665775,0.2815166024611182,12.184873949579833,104.6,0.6497315345395327
1999-05-01,2.091020910209096,2.0821283979178595,4.2,4.74,5.54,4.5,1.04,0.6322550732504428,0.16952447606828347,-9.844836811128943,106.8,0.5536378715201629
1999-06-01,1.9656019656019597,1.9630484988452768,4.3,4.76,5.9,4.57,1.33,-0.07843701328035246,0.2103824924502895,14.718100890207687,107.3,0.48817458371412936
1999-07-01,2.1446078431372584,2.074927953890482,4.3,4.99,5.79,4.55,1.2400000000000002,0.5786177951119464,0.2618450001549366,6.1562338334195665,106.0,0.6078083407275781
1999-08-01,2.2643818849449104,1.8965517241379404,4.2,5.07,5.94,4.72,1.2200000000000006,0.4015282897980921,0.11589992427871731,7.9434697855750525,104.5,0.3814437535829329
1999-09-01,2.629969418960254,2.066590126291623,4.2,5.22,5.92,4.68,1.2400000000000002,-0.403708999870811,0.15358256413422477,10.790067720090303,107.2,0.3536363037318635
1999-10-01,2.56253813300793,2.1215596330275144,4.1,5.2,6.11,4.86,1.25,1.2222981351874385,0.3136293933159173,-11.206193969030153,103.2,0.5231132901418301
1999-11-01,2.6203534430225606,2.0594965675057253,4.1,5.42,6.03,5.07,0.96,0.4847386851960289,0.22123553903117266,14.134924277191384,107.2,0.41587737060988506
1999-12-01,2.676399026763998,1.8814139110604255,4.0,5.3,6.28,5.2,1.08,0.7713127928427044,0.242975181273275,3.578608765581026,105.4,0.5962964569148799
2000-01-01,2.792956891317555,2.1070615034168627,4.0,5.45,6.66,5.32,1.3399999999999999,-0.13680487522828022,0.17433458477018604,7.336956521739113,112.0,0.6100058198435176
2000-02-01,3.2179720704310855,2.1640091116173155,4.1,5.73,6.52,5.55,0.9699999999999998,0.3123293058620469,0.0831991206845295,10.560578661844499,111.3,0.28494301139769806
2000-03-01,3.762135922330101,2.4473534433693933,4.0,5.85,6.26,5.69,0.5699999999999994,0.35557191537280985,0.3691275167785335,-12.136081125286236,107.1,0.6579931209810042
2000-04-01,3.013863773357439,2.2688598979013097,3.8,6.02,5.99,5.66,0.33000000000000007,0.5952225926311616,0.21275949059298416,-4.28145941921072,109.2,1.1906530551605732
2000-05-01,3.1325301204819134,2.3796033994334165,4.0,6.27,6.44,5.79,0.6500000000000004,0.2707691245527277,0.16757150222923567,12.913263321664715,110.7,-0.2537858131633097
2000-06-01,3.7349397590361377,2.5481313703284325,4.0,6.53,6.1,5.69,0.40999999999999925,0.03905329645323974,-0.031792892017712404,11.746469169824314,106.4,0.37639043673909356
2000-07-01,3.5992801439711952,2.4844720496894457,4.0,6.54,6.05,5.96,0.08999999999999986,-0.19508271119800247,0.1249403693691642,-15.228113440197276,108.3,0.37078934137757535
2000-08-01,3.3512866546977715,2.5944726452340694,4.1,6.5,5.83,6.09,-0.2599999999999998,-0.272291950416359,0.004537616843625081,20.32727272727275,107.3,0.5885667772838277
2000-09-01,3.45649582836709,2.53093363329584,3.9,6.52,5.8,6.0,-0.20000000000000018,0.4614698099772996,0.07789222136516116,-6.708975521305538,106.8,0.7407407407407307
2000-10-01,3.4503271861986873,2.5266704098820814,3.9,6.51,5.74,6.11,-0.3700000000000001,-0.388581532213661,0.011334698534803955,5.928085519922255,105.8,0.33160322952712207
2000-11-01,3.444180522565321,2.6345291479820565,3.9,6.51,5.72,6.17,-0.4500000000000002,0.027964356782006483,0.15413442940037658,2.7828746177369856,107.6,0.23402377188839196
2000-12-01,3.4360189573459543,2.5741466144376224,3.9,6.4,5.24,5.77,-0.5299999999999994,-0.3263035410896342,0.12070370258607799,-20.499851234751564,98.4,0.9195731869662493
2001-01-01,3.7212049616065945,2.5655326268823275,4.2,5.98,5.16,5.15,0.009999999999999787,-0.4759506830623206,-0.009795352481989372,7.1107784431137855,94.7,1.0288984495494757
2001-02-01,3.529411764705892,2.7870680044593144,4.2,5.49,5.1,4.88,0.21999999999999975,-0.6513459989989423,0.06405280965766647,-4.437456324248778,90.6,0.7773738023019838
2001-03-01,2.9824561403508643,2.6111111111110974,4.3,5.31,4.89,4.42,0.46999999999999975,-0.20503069984249,-0.02786396361117438,-3.5831809872029274,91.5,1.1520829180785341
2001-04-01,3.2182562902282053,2.66222961730449,4.4,4.8,5.14,3.87,1.2699999999999996,-0.3589921440973143,-0.22071396825635858,8.001516875237002,88.4,1.2670450066997851
2001-05-01,3.5630841121495394,2.54565578306587,4.3,4.21,5.39,3.62,1.7699999999999996,-0.47759037153137784,-0.03774781440154529,-0.3160112359550604,92.0,-0.03697145414567338
2001-06-01,3.193960511033689,2.705687465488693,4.5,3.97,5.28,3.49,1.79,-0.5280254107386972,-0.08156606851549286,-7.115181401902082,92.6,0.8350852604531722
2001-07-01,2.7214823393167498,2.6997245179063434,4.6,3.77,5.24,3.51,1.7300000000000004,-0.6404208352618568,-0.0967498110355236,1.2514220705347023,92.4,0.577208934190443
2001-08-01,2.7214823393167498,2.638812534359536,4.9,3.65,4.97,3.36,1.6099999999999999,-0.11477803607502501,-0.11424507459976141,-0.1872659176029967,91.5,0.6487523992322553
2001-09-01,2.5921658986175045,2.6330224904004274,5.0,3.07,4.73,2.64,2.0900000000000003,-0.5065005386753141,-0.1954234553593781,-12.045028142589109,81.8,2.122506579198302
2001-10-01,2.127659574468077,2.6286966046002336,5.3,2.49,4.57,2.16,2.41,-0.27414547851513094,-0.2360298414577744,-9.55631399317407,82.7,-0.21101379992903846
2001-11-01,1.894374282433997,2.730748225013646,5.5,2.09,4.65,1.87,2.7800000000000002,-0.6047102317151998,-0.234306058485223,-8.207547169811313,83.9,0.8177701261274706
2001-12-01,1.603665521191311,2.782324058919805,5.7,1.82,5.09,1.69,3.4,-0.04274184381038992,-0.12276581467699499,2.5693730729702047,88.8,0.9837587006960469
2002-01-01,1.1958997722095743,2.610114192495905,5.7,1.73,5.04,1.65,3.39,0.6655112336294788,-0.09466877381034688,-1.252505010020044,93.0,0.3749655362558446
2002-02-01,1.1363636363636465,2.5488069414316694,5.7,1.74,4.91,1.72,3.1900000000000004,0.011523132122870372,-0.09323011791317892,10.502283105022837,90.7,0.5365415957076625
2002-03-01,1.3628620102214661,2.4363833243096877,5.7,1.73,5.28,1.79,3.49,0.7238404207491778,-0.011473416094909261,20.33976124885215,95.7,0.21492841790826667
2002-04-01,1.643990929705219,2.485143165856285,5.9,1.75,5.21,1.71,3.5,0.48828847823112476,-0.0810881106470207,4.235024799694775,93.0,0.0018175209014925642
2002-05-01,1.2408347433727984,2.5364274150026844,5.8,1.75,5.16,1.73,3.43,0.4017677782241824,0.012249647822626386,-7.137628111273786,96.9,0.47618182148634336
2002-06-01,1.0692177827799743,2.2580645161290214,5.8,1.75,4.93,1.7,3.2299999999999995,0.8248855097594765,0.03215138710270793,5.597162002364997,92.4,0.45221858437494156
2002-07-01,1.465614430665152,2.1995708154506355,5.8,1.73,4.65,1.68,2.9700000000000006,-0.032191881251653065,-0.06887368566049767,0.8585293019783613,88.1,0.7689121783444053
2002-08-01,1.747463359639223,2.3567220139260936,5.7,1.74,4.26,1.62,2.6399999999999997,-0.11105364210730606,-0.0022973718066476856,7.216876387860838,87.6,0.7558970693352318
2002-09-01,1.516002245929271,2.2447888829502993,5.7,1.75,3.87,1.63,2.24,0.08490089007928692,-0.060498847458667626,5.5919917155678345,86.1,0.4256602167320045
2002-10-01,2.0270270270270174,2.187833511205972,5.7,1.75,3.94,1.58,2.36,-0.2082664575177251,0.08812125484667366,-11.147433801896046,80.6,0.7911979231054467
2002-11-01,2.2535211267605604,2.020202020202033,5.9,1.34,4.05,1.23,2.82,0.5602209932537017,-0.000765597127483364,-1.1405445180279528,84.2,0.8936237318427853
2002-12-01,2.4802705749718212,1.9639065817409707,6.0,1.24,4.03,1.19,2.8400000000000003,-0.5561106769072954,-0.11560605132602264,16.151842203200584,86.7,0.36991368680638903
2003-01-01,2.757456387169399,1.9607843137255054,5.8,1.24,4.05,1.17,2.88,0.8521508823282398,0.08278082244279616,7.369432874078807,82.4,0.565802678478744
2003-02-01,3.146067415730336,1.7979904812268632,5.9,1.26,3.9,1.17,2.73,0.11881261912773944,-0.1010928752498641,9.698597433601908,79.9,0.6211180124223503
2003-03-01,3.025210084033625,1.744186046511631,5.9,1.25,3.81,1.13,2.68,-0.26285107477734826,-0.1579258055366073,-15.288356909684431,77.6,0.34540542389109863
2003-04-01,2.175125488008911,1.4760147601476037,6.0,1.26,3.96,1.13,2.83,-0.5956902191332047,-0.04760625023995102,-16.217084136159286,86.0,0.6321995773975964
2003-05-01,1.8941504178273005,1.5263157894736867,6.1,1.26,3.57,1.07,2.5,-0.027274222988304953,0.01843700306514151,13.300114986584898,92.1,1.0126153585640507
2003-06-01,1.948775055679297,1.4721345951629994,6.3,1.22,3.33,0.92,2.41,0.1277930569822061,-0.00844873537793056,1.9959404600811803,89.7,0.6185774395252475
2003-07-01,2.055555555555544,1.522309711286085,6.2,1.01,3.98,0.9,3.08,0.5138291523584027,-0.00153626349991276,1.3598673300165842,90.9,0.7813801606077808
2003-08-01,2.216066481994461,1.3082155939298845,6.1,1.03,4.45,0.95,3.5,-0.21817742829391973,-0.023812450070670454,3.9267015706806463,89.3,0.9588203203782397
2003-09-01,2.378318584070782,1.2545739675901668,6.1,1.01,4.27,0.94,3.3299999999999996,0.6447447582867083,0.07606432429525523,-8.091939546599491,87.7,-0.4486581192382766
2003-10-01,2.041942604856528,1.305483028720622,6.0,1.01,4.29,0.92,3.37,0.1231614573486528,0.1435678530847806,0.17129153819799292,89.6,-0.15954734608615295
2003-11-01,1.9283746556473913,1.094319958311618,5.8,1.0,4.3,0.93,3.3699999999999997,0.6704970388109022,0.0314323170217401,3.727770177838585,93.7,0.09060955518944702
2003-12-01,2.0352035203520247,1.0931806350858997,5.7,0.98,4.27,0.9,3.3699999999999997,0.029598982575618216,0.08353770692826057,7.1876030333003715,92.6,-0.027981236112251118
2004-01-01,2.026286966046009,1.1434511434511352,5.7,1.0,4.15,0.88,3.2700000000000005,0.1521782957331519,0.1278821340235492,1.9993848046754747,103.8,0.13665250749119728
2004-02-01,1.688453159041381,1.2467532467532516,5.6,1.01,4.08,0.93,3.15,0.6032428360854825,0.0497109119275585,8.805790108564548,94.4,0.6527350750562988
2004-03-01,1.7400761283306032,1.558441558441559,5.8,1.0,3.83,0.94,2.89,-0.4000731513156497,0.24384464267970252,-0.9146341463414642,95.8,0.5896958410924746
2004-04-01,2.2925764192139875,1.7662337662337713,5.6,1.0,4.35,0.94,3.4099999999999997,0.3714380452357391,0.2074119261857632,4.3636363636363695,94.2,0.6658113967423995
2004-05-01,2.8977583378895444,1.710730948678063,5.6,1.0,4.72,1.02,3.6999999999999997,0.7223716776067812,0.21687517121724564,6.941838649155718,90.2,1.238929487489715
2004-06-01,3.1676679410158393,1.865284974093262,5.6,1.03,4.73,1.27,3.4600000000000004,-0.7802242062877385,0.07365391770504104,-7.468671679197991,95.6,0.035055850343379547
2004-07-01,2.939575394665228,1.7580144777662898,5.5,1.26,4.5,1.33,3.17,0.747165423006102,0.04552559297084091,18.418201516793054,96.7,0.21026139314102021
2004-08-01,2.5474254742547275,1.7045454545454586,5.4,1.43,4.28,1.48,2.8000000000000003,0.06711918678907747,0.06446524185841351,-3.4080512351326697,95.9,0.42440908585144044
2004-09-01,2.5391680172879516,1.961796592669085,5.4,1.61,4.13,1.65,2.48,0.12709913839601406,0.1136889016894127,17.35732891309496,94.2,0.5444933362879434
2004-10-01,3.1909140075716547,2.0103092783505083,5.5,1.76,4.1,1.76,2.34,0.8531500308810669,0.25740220608831965,4.4794188861985385,91.7,0.4344951355435889
2004-11-01,3.621621621621607,2.216494845360839,5.4,1.93,4.19,2.07,2.1200000000000006,0.24834340774118058,0.05587899931283058,-5.05986867516417,92.8,0.41537352268095074
2004-12-01,3.3423180592991875,2.2657054582904346,5.4,2.16,4.23,2.19,2.0400000000000005,0.7967816436364572,0.09584688648558437,-11.798209926769731,97.1,0.2840953436460847
2005-01-01,2.8448738593666034,2.261048304213764,5.3,2.28,4.22,2.33,1.8899999999999997,0.3596531168715611,0.11385056171304697,11.277675276752763,95.5,0.09806210600047383
2005-02-01,3.0530262453133394,2.308876346844535,5.4,2.5,4.17,2.54,1.63,0.7259066271311676,0.1905393090879004,7.253886010362698,94.1,0.1259563351371451
2005-03-01,3.2068412613575736,2.35294117647058,5.2,2.63,4.5,2.74,1.7599999999999998,-0.1351265996452522,0.0902025046228827,6.879227053140102,92.6,0.1459876687011752
2005-04-01,3.3617929562433257,2.1949974476773715,5.2,2.79,4.34,2.78,1.56,0.21525087717841895,0.2748696997461497,-11.046826975230516,87.7,0.20935750507886652
2005-05-01,2.869287991498415,2.1916411824668858,5.1,3.0,4.14,2.84,1.2999999999999998,0.09001253967795275,0.1265727980826803,5.853658536585349,86.9,0.26617970225013554
2005-06-01,2.541026998411855,2.0345879959308144,5.0,3.04,4.0,2.97,1.0299999999999998,0.44976131949281406,0.1937332166445982,8.73655913978495,96.0,0.5047075165920623
2005-07-01,3.067160232681121,2.083333333333326,5.0,3.26,4.18,3.22,0.9599999999999995,-0.31664425013351316,0.2627885448084344,7.204661840014115,96.5,0.4883517361057743
2005-08-01,3.6469344608879517,2.1330624682579957,4.9,3.5,4.26,3.44,0.8199999999999998,0.32590876619220666,0.15040953090097453,13.045626750123528,89.1,0.5012607931535129
2005-09-01,4.741833508956805,1.9240506329113893,5.0,3.62,4.2,3.42,0.7800000000000002,-1.9373698979145648,0.03717416841384491,-3.5261547428238393,76.9,0.5139668202484682
2005-10-01,4.350104821802936,2.071753410813537,5.0,3.78,4.46,3.71,0.75,1.2137396970635095,0.06614543076282065,-9.681317021597946,74.2,0.5113387089453969
2005-11-01,3.3385498174230532,2.1180030257186067,5.0,4.0,4.54,3.88,0.6600000000000001,1.1240218459586115,0.2644068300146296,-4.130434782608694,81.6,0.25286352895137476
2005-12-01,3.3385498174230532,2.114803625377659,4.9,4.16,4.47,3.89,0.5799999999999996,0.5164986354512013,0.12000266672593796,6.5061922204779465,91.5,0.40686414340835864
2006-01-01,4.018789144050117,2.1105527638190846,4.7,4.29,4.42,4.24,0.17999999999999972,0.15778436884212876,0.19828498287202123,11.136586963642303,91.2,0.6324949908789179
2006-02-01,3.63825363825363,2.106318956870612,4.8,4.49,4.57,4.43,0.14000000000000057,0.042158902402134046,0.2259519888943906,-9.563807839669913,86.7,0.3655220576217255
2006-03-01,3.4179181771103018,2.0989505247376306,4.7,4.59,4.72,4.51,0.20999999999999996,0.22546525748337043,0.2247058563503268,7.951767964803658,88.9,0.21614579477993168
2006-04-01,3.613835828600931,2.29770229770232,4.7,4.79,4.99,4.6,0.39000000000000057,0.30366798425394137,0.12643526073596867,8.377358490566023,87.4,0.5554488647275146
2006-05-01,3.9772727272727293,2.44389027431422,4.6,4.94,5.11,4.72,0.39000000000000057,0.025414684625046924,0.028632259011818206,-0.5292479108635062,79.1,0.09989863227020113
2006-06-01,4.1817243159525175,2.6420737786640114,4.6,4.99,5.11,4.79,0.3200000000000003,0.3166411740827879,0.06458763000094514,3.5284234108093004,84.9,0.5591675594757595
2006-07-01,4.104669061056954,2.6879044300647026,4.7,5.24,5.09,4.95,0.13999999999999968,-0.05126150735067503,0.14082750830661794,0.8385177170678881,84.7,0.6100586707142641
2006-08-01,3.926568077511483,2.8344107409249197,4.7,5.25,4.88,4.96,-0.08000000000000007,0.43887413186818325,0.1193885548125273,-5.606223175965674,82.0,0.45694557270512526
2006-09-01,2.012072434607637,2.930948832588176,4.5,5.25,4.72,4.81,-0.08999999999999986,-0.16615804011917978,0.0980306089602978,-10.62801932367149,85.4,0.3942181340341522
2006-10-01,1.4063284781516971,2.7722772277227747,4.4,5.25,4.73,4.92,-0.1899999999999995,-0.11468178573332821,0.012424539195765583,-6.645468998410175,93.6,0.7091076462804269
2006-11-01,1.9687026754164672,2.6172839506172885,4.5,5.25,4.6,4.94,-0.34000000000000075,-0.04203442589240103,0.15857588623457985,7.237738419618522,92.1,0.5070197237813767
2006-12-01,2.5239777889954462,2.6134122287968298,4.4,5.24,4.56,4.85,-0.29000000000000004,1.0193348910427114,0.13789581205312373,-3.366682547244715,91.7,0.6096174614903749
2007-01-01,2.075765178123423,2.657480314960625,4.6,5.25,4.76,4.98,-0.22000000000000064,-0.3383130268983403,0.16247841514327455,-4.4042728019720645,96.9,0.5395404019717276
2007-02-01,2.420260782347028,2.71856581532417,4.5,5.26,4.72,5.03,-0.3100000000000005,0.9422584955516511,0.06401303538174918,6.2059480832044045,91.3,0.22477276877905794
2007-03-01,2.798197295943927,2.5051395007342103,4.4,5.26,4.56,4.94,-0.3800000000000008,0.17801981239451425,0.16283803431229593,6.733570734865646,88.4,0.4751692527648066
2007-04-01,2.5929247633283525,2.4155273437499902,4.5,5.25,4.69,4.87,-0.17999999999999972,0.672281726358448,0.04572374150844105,-0.24264482863208814,87.1,1.0114115119555844
2007-05-01,2.709885742672613,2.267770204479058,4.4,5.25,4.75,4.73,0.019999999999999574,0.09563785133628322,0.10518908645091862,-2.6755852842809458,88.3,0.19197038960321322
2007-06-01,2.692765113974227,2.181641573579407,4.6,5.25,5.1,4.61,0.4899999999999993,0.0577014192386649,0.056525015942954226,10.074976569821924,85.3,0.45764066936839765
2007-07-01,2.3178905864958077,2.1682016480853106,4.7,5.26,5.0,4.82,0.17999999999999972,-0.11995366900057203,-0.01883102773955203,10.969206754647365,90.4,0.423996267735105
2007-08-01,1.897448478900876,2.0884912959380886,4.6,5.02,4.67,4.2,0.46999999999999975,0.19258915363067342,-0.02245660803801286,-5.39641943734015,83.4,1.039802150655178
2007-09-01,2.8338264299802685,2.101351351351366,4.7,4.94,4.52,3.89,0.6299999999999994,0.22225930907198155,0.062312970517264255,10.354149770208165,83.4,0.24611889435819378
2007-10-01,3.610698365527476,2.1565510597302495,4.7,4.76,4.53,3.9,0.6300000000000003,-0.2820077304793611,0.055032983584246686,15.335619794218513,80.9,0.20369620936193655
2007-11-01,4.373267326732666,2.3387872954764077,4.7,4.49,4.15,3.27,0.8800000000000003,0.5334891922024632,0.08322779084495302,-5.904842820730671,76.1,0.3432910165452885
2007-12-01,4.108813392417532,2.4353676117251366,5.0,4.24,4.1,3.0,1.0999999999999996,0.0348821530398391,0.07592739894424216,8.295711060948086,75.5,0.40651497263066716
2008-01-01,4.294695655165981,2.4789069990412305,5.0,3.94,3.74,2.75,0.9900000000000002,-0.13234968055378937,-0.0028902778279604746,-4.460656591974987,78.4,0.44896377557157585
2008-02-01,4.142959270611968,2.29708083295479,4.9,2.98,3.74,2.12,1.62,-0.3921959845390677,-0.044800601195160716,11.028689865823061,70.8,1.1506484868639921
2008-03-01,3.9749035501344343,2.388524386633417,5.1,2.61,3.51,1.26,2.25,-0.30458407875589844,-0.05060399482393896,-0.23580271173118117,69.5,0.8679642293529799
2008-04-01,3.9037609759888126,2.294669292051843,5.0,2.28,3.68,1.29,2.39,-0.6452051340639975,-0.1583983682798218,11.975576127634424,62.6,0.5541069100391205
2008-05-01,4.088413823123993,2.3222157689781087,5.4,1.98,3.88,1.73,2.15,-0.6057782381776122,-0.1369168356997963,12.005277044854878,59.8,0.1646677471636826
2008-06-01,4.935966105947864,2.3917259211376996,5.6,2.0,4.1,1.86,2.2399999999999993,-0.2332762193893445,-0.10953855974928928,9.901845308205747,56.4,0.2420649303577882
2008-07-01,5.497512078341837,2.463313612274831,5.8,2.01,4.01,1.63,2.38,-0.3573802776070001,-0.14742193173565843,-11.281794798513866,61.2,0.6108033419853109
2008-08-01,5.308017162091239,2.4981171756213394,6.1,2.0,3.89,1.72,2.17,-1.5699867570929893,-0.2080045382808371,-6.942095514214386,63.0,0.18739090255672775
2008-09-01,4.953319875136075,2.4386208722122937,6.1,1.81,3.69,1.13,2.56,-4.4048023108496315,-0.32869084840136953,-12.851579402855906,70.3,0.853211714366231
2008-10-01,3.7310578899565128,2.2213629955157854,6.5,0.97,3.81,0.67,3.14,0.9941411352017093,-0.34293653114946254,-32.373386295928505,57.6,1.302017173924086
2008-11-01,1.0999174706166848,2.015893915169764,6.8,0.39,3.53,0.19,3.34,-1.3200748718089517,-0.5502931228034136,-18.928046989720993,55.3,0.6532997278962727
2008-12-01,-0.02222800255385904,1.7624596562335837,7.3,0.16,2.42,0.03,2.39,-2.819896973943936,-0.5120221925469015,-19.217533055605863,60.1,2.2137784975707175
2009-01-01,-0.11358601902212717,1.6723503187990874,7.8,0.15,2.52,0.13,2.39,-2.4942836351786957,-0.5695343611648807,-6.434977578475342,61.2,1.0274598705619864
2009-02-01,0.008463140671510772,1.800980653363804,8.3,0.22,2.87,0.3,2.5700000000000003,-0.6085582025516345,-0.567575832158651,5.7991852384375875,56.3,0.36554469779224164
2009-03-01,-0.4464787676623838,1.7876130957932945,8.7,0.18,2.82,0.21,2.61,-1.5655848507912018,-0.6180710781739873,12.43488108720272,57.3,0.8065582440830443
2009-04-01,-0.5763244243767063,1.93232662192393,9.0,0.15,2.93,0.16,2.77,-0.8290557258392117,-0.5071927785409103,1.4302981466559173,65.1,0.056043117428217215
2009-05-01,-1.015761495855172,1.8461309413034588,9.4,0.18,3.29,0.18,3.11,-1.009956431882919,-0.2700611430565436,31.698113207547163,68.7,0.6924002812503716
2009-06-01,-1.2291746182109153,1.7119726678550107,9.5,0.21,3.72,0.18,3.54,-0.37688161614736204,-0.348379048575298,5.293319258030449,70.8,0.1195379444207667
2009-07-01,-1.9587610037622771,1.5270992984974363,9.5,0.16,3.56,0.18,3.38,1.129022170984073,-0.2641060087933522,-0.8020624462904413,66.0,0.04964949818544451
2009-08-01,-1.4838355663267633,1.4339650543224725,9.6,0.16,3.59,0.17,3.42,1.0966982370450573,-0.14541335659946641,1.025122725960137,65.7,-0.005907721391862353
2009-09-01,-1.377942862886472,1.4798373886199645,9.8,0.15,3.4,0.12,3.28,0.881437075988023,-0.17321724201361244,0.7003001286265409,73.5,-0.016542597187751973
2009-10-01,-0.22396829420033848,1.7127331771131127,10.0,0.12,3.39,0.07,3.3200000000000003,0.26954578788944694,-0.1420389109838327,9.338631847856949,70.6,0.31081592133874736
2009-11-01,1.9145871744709275,1.714243571010421,9.9,0.12,3.4,0.05,3.35,0.4338107685935455,-0.0030754799670962285,0.19470404984422984,67.4,0.3428409854027592
2009-12-01,2.8141231232083674,1.8236717759594345,9.9,0.12,3.59,0.05,3.54,0.4058071779700745,-0.19145451609678954,2.850110117890914,72.5,-0.0563578724903091
2010-01-01,2.6211113889767157,1.5123351706495702,9.8,0.11,3.73,0.06,3.67,1.089961110803106,-0.004622211265870035,-8.23781332661545,74.4,-0.40530062733488137
2010-02-01,2.151336357866529,1.3494526888039982,9.8,0.13,3.69,0.11,3.58,0.3752968908449006,-0.07395879878584477,9.430336307481134,73.6,0.5850643452823157
2010-03-01,2.2861714393279886,1.1592051426555505,9.9,0.16,3.73,0.15,3.58,0.6856761810881018,0.1233558971828641,4.678876066231807,73.6,-0.04456275726195669
2010-04-01,2.2067707525304403,0.9675088932173947,9.9,0.2,3.85,0.16,3.69,0.3392297060230698,0.19558621964177458,3.1396045536249195,72.2,0.3672200387164759
2010-05-01,2.003548929218568,0.9401381427474931,9.6,0.2,3.42,0.16,3.26,1.3508964217083586,0.4011681524746402,-14.023469269199484,73.6,0.6335624444756327
2010-06-01,1.1215605940686268,0.9501989849939774,9.4,0.18,3.2,0.12,3.08,0.18492098929463463,-0.10103948194302159,2.1486486486486545,76.0,0.22186084330353406
2010-07-01,1.3407784804821077,0.9577539302116689,9.4,0.18,3.01,0.16,2.8499999999999996,0.37970362897965515,-0.07279135698413652,4.312739780394215,67.8,0.13212642412581133
2010-08-01,1.1501775395112546,0.9171009950067255,9.5,0.19,2.7,0.16,2.54,0.3664634007673584,0.0,-8.77615726062142,68.9,0.5602176051854757
2010-09-01,1.1183122472331775,0.8143870498363182,9.5,0.19,2.65,0.15,2.5,0.2947761395331261,-0.056741939194115965,11.14972890310022,68.2,0.3545160510595391
2010-10-01,1.1666951489314625,0.6027183550187942,9.4,0.19,2.54,0.13,2.41,-0.2833668805007239,0.2140539047575274,1.8761726078799335,67.7,0.5700391113353964
2010-11-01,1.084544776600338,0.672056411046551,9.8,0.19,2.76,0.14,2.6199999999999997,0.08695624029699811,0.09875976113917773,3.2780847145488012,71.6,0.23493453765794925
2010-12-01,1.437793022217937,0.6618948664665503,9.3,0.18,3.29,0.14,3.15,0.9785396067085728,0.06195076061767946,8.6305278174037,74.5,0.3891227670952402
2011-01-01,1.7007834915029774,0.9835337415527112,9.1,0.17,3.39,0.15,3.24,-0.21061351192962485,0.005350454788666248,-0.42678923177937866,74.2,0.2924109166742239
2011-02-01,2.124898173333145,1.124445592146106,9.0,0.16,3.58,0.13,3.45,-0.3970843397723911,0.1681481538096996,6.715023628970207,77.5,0.7266357780540078
2011-03-01,2.619241510354109,1.2097851736773357,9.0,0.14,3.41,0.1,3.31,1.040272709112422,0.17244405106175975,9.36148300720907,67.5,0.6529568173403888
2011-04-01,3.0772344447868694,1.3155392125784537,9.1,0.1,3.46,0.06,3.4,-0.3230270794270296,0.23917795906553962,6.780299463226291,69.8,0.7089115532519674
2011-05-01,3.4589718808964998,1.4540961794335727,9.0,0.09,3.17,0.04,3.13,0.1206079665240889,0.08054894868423368,-9.42763912161566,74.3,0.8046396830140079
2011-06-01,3.5023181506360412,1.5836776766096738,9.1,0.09,3.0,0.04,2.96,0.30248807089297003,0.1731167854946314,-7.205452775073029,71.5,0.8157842728211184
2011-07-01,3.5798809769996165,1.741483445742964,9.0,0.07,3.0,0.04,2.96,0.492715456823678,0.04623629018198905,0.3987408184680019,63.7,1.7653913592751147
2011-08-01,3.75499603070808,1.9651571719433658,9.0,0.1,2.3,0.02,2.28,0.6751130647956405,0.10076368264744229,-7.180183946488294,55.8,1.9991010466385406
2011-09-01,3.812621692818685,1.9877227562006272,9.0,0.08,1.98,0.01,1.97,-0.08270803747891797,0.16575212866603017,-11.124873325076,59.5,0.2150876088553133
2011-10-01,3.5222681306640524,2.1079204796465634,8.8,0.07,2.15,0.02,2.13,0.6940410373954542,0.15792177960467502,18.06664132775877,60.8,0.3444485159399102
2011-11-01,3.451432214581729,2.138204538395394,8.6,0.08,2.01,0.01,1.9999999999999998,-0.008658749301049262,0.10335488446131524,7.693958579246707,63.7,0.5435916697967613
2011-12-01,3.062066838419386,2.276662633858506,8.5,0.07,1.98,0.01,1.97,0.5306290656609036,0.1492199864345567,-1.5245117576723755,69.9,0.49187983188916373
2012-01-01,3.0087663379855023,2.2773481506083826,8.3,0.08,1.97,0.03,1.94,0.596427248225595,0.2693997953163496,-0.37438024891227606,75.0,0.7610570121542093
2012-02-01,2.8981784423473878,2.1598204405657295,8.3,0.1,1.97,0.09,1.88,0.32156629712849494,0.19737928343064315,8.754824294129593,75.3,0.5349676149872806
2012-03-01,2.5828752813320977,2.2483374654291177,8.2,0.13,2.17,0.08,2.09,-0.5177723960984593,0.17901414885888034,-3.782218901755696,76.2,0.4495504495504621
2012-04-01,2.2731633741348567,2.314427851801515,8.2,0.14,2.05,0.08,1.9699999999999998,0.7193508372958624,0.0575709543320313,1.805299427351259,76.4,0.5459767198774168
2012-05-01,1.7379429374660749,2.252258280361308,8.2,0.16,1.8,0.09,1.71,0.23092104655471068,0.07995516532786073,-17.51358566116885,79.3,0.4410710861249223
2012-06-01,1.653870448297634,2.192285611289857,8.2,0.16,1.62,0.09,1.53,0.005529336715115463,0.060478451751633244,-1.7105871474803358,73.2,0.7054283819362128
2012-07-01,1.4175114798464783,2.109955687378462,8.2,0.16,1.53,0.1,1.43,0.2098983989359704,0.10745226209396552,3.5747883349012133,72.3,0.5278598227827835
2012-08-01,1.6859349154821235,1.9352524993137443,8.1,0.13,1.68,0.1,1.5799999999999998,-0.42790889668371523,0.1356619483142918,9.525431425976393,74.3,0.7057422204575836
2012-09-01,1.9497168982819613,2.0082434834909124,7.8,0.14,1.72,0.11,1.6099999999999999,-0.07336907724275754,0.13250061411802516,-4.446978335233743,78.3,0.7934474057719632
2012-10-01,2.1556780595369363,1.9946491483669337,7.8,0.16,1.75,0.1,1.65,0.3473983631303801,0.11299687028405447,-6.454762421349535,82.6,0.6483410097691156
2012-11-01,1.7960197033926262,1.9528512686261434,7.7,0.16,1.65,0.09,1.5599999999999998,0.3667648049054728,0.11583957703702463,2.678882059608023,82.7,0.6752555283510153
2012-12-01,1.7595049796895523,1.8996943778720743,7.9,0.16,1.72,0.07,1.65,0.2369549856899411,0.1846838494344416,3.7158346510051787,72.9,1.1793203949082676
2013-01-01,1.684061762098299,1.9098022178631435,8.0,0.14,1.91,0.07,1.8399999999999999,0.024514266591113554,0.13548129173637236,6.337798105194392,73.8,0.22891807594356273
2013-02-01,2.0181404902574807,1.9887385214485631,7.7,0.15,1.98,0.1,1.88,0.46769079323369933,0.21366731481549106,-5.755248335893503,77.6,0.18461948401709005
2013-03-01,1.5187472411246183,1.8890221377988237,7.5,0.14,1.96,0.09,1.8699999999999999,0.40285806541078273,0.10549924011036271,5.661197435618814,78.6,0.5347898361434344
2013-04-01,1.138808047576867,1.715558856294086,7.6,0.15,1.76,0.06,1.7,-0.08629719503872035,0.1356042125743473,-4.134101192924722,76.4,0.25983106256732835
2013-05-01,1.3903888279197085,1.6455519491850756,7.5,0.11,1.93,0.04,1.89,0.07809780387764143,0.16412385094903836,-1.3838232139025908,84.5,0.32795227728932286
2013-06-01,1.7157935271568725,1.6230952474272975,7.5,0.09,2.3,0.05,2.25,0.20749335325593865,0.1344639078297627,4.818883933427598,84.1,0.5372859544809705
2013-07-01,1.885471805415806,1.7002217680567089,7.3,0.09,2.58,0.04,2.54,-0.31019310854143445,0.08218434241518136,9.070153590701535,85.1,0.3690450608690776
2013-08-01,1.538809488600279,1.782107690904433,7.2,0.08,2.74,0.04,2.7,0.5782114503832148,0.1869624828617633,2.7402473834443386,82.1,0.5436199128718844
2013-09-01,1.0947341081747997,1.7519368418314363,7.2,0.08,2.81,0.02,2.79,0.5084577384016464,0.12806814689050317,-5.204667531024265,77.5,0.5629004184720232
2013-10-01,0.8767991434911471,1.686837731144819,7.2,0.09,2.62,0.05,2.5700000000000003,-0.07887301444674533,0.1607940301561861,-5.930050801094167,73.2,1.1443564721045796
2013-11-01,1.2328701961954458,1.7416677473738762,6.9,0.08,2.72,0.07,2.6500000000000004,0.23360844107831458,0.20139958114724354,-3.8841001142382425,75.1,0.08465088337292759
2013-12-01,1.5128383667573297,1.7408566188369834,6.7,0.09,2.9,0.07,2.83,0.20106503661436737,0.04005330731082779,6.072393300918422,82.5,0.5865982756739108
2014-01-01,1.557758795574915,1.6070344358370292,6.6,0.07,2.86,0.04,2.82,-0.35575894744697134,0.13758262236844843,-0.6315575022919462,81.2,0.6392347266299447
2014-02-01,1.1204746347724948,1.5548073904948723,6.7,0.07,2.71,0.05,2.66,0.7556916490531584,0.1097694840834329,5.463864684777042,81.6,0.592949293851297
2014-03-01,1.6126949139408042,1.6456609706435588,6.7,0.08,2.72,0.05,2.6700000000000004,0.9685206031106786,0.1982398048100409,-1.273328149300157,80.0,0.31973420977422506
2014-04-01,2.015125303606169,1.8210555250137483,6.2,0.09,2.71,0.03,2.68,0.0967670387519659,0.2268362503170529,-1.4768140198877622,84.1,0.40150989085341315
2014-05-01,2.166947687079812,1.9455269618362525,6.3,0.09,2.56,0.03,2.5300000000000002,0.3831643017938591,0.15546139495872247,3.3276706305586323,81.9,0.5772453603128058
2014-06-01,2.0589816945944195,1.9228626526676562,6.1,0.1,2.6,0.04,2.56,0.3432190311729588,0.24257650906414074,2.582205029013518,82.5,0.4875339422364844
2014-07-01,1.9742378703305974,1.8449632290063356,6.2,0.09,2.54,0.03,2.5100000000000002,0.22212488441135658,0.16060612607939895,-7.391345337984346,81.8,0.48165922390572824
2014-08-01,1.7150983482969062,1.73639560289498,6.1,0.09,2.42,0.03,2.39,-0.1888053207359519,0.14165324436263838,-0.37666700600631486,82.5,0.21217148345411552
2014-09-01,1.6840509711232077,1.7409458883681284,5.9,0.09,2.53,0.02,2.51,0.28734401880725624,0.21110225534757276,-6.8362967504598355,84.6,0.3641971543830058
2014-10-01,1.6095417021513292,1.817632310436279,5.7,0.09,2.3,0.02,2.28,0.011934320486006733,0.1683827375450475,-11.670505648787977,86.9,0.6424112994938946
2014-11-01,1.231524989320798,1.7415947552462452,5.8,0.09,2.33,0.02,2.31,0.6172120873449094,0.20815748437030823,-18.11747174965852,88.8,0.3545212238314166
2014-12-01,0.6531213919623191,1.6224195046636636,5.6,0.12,2.21,0.03,2.18,-0.00790646459541966,0.19630377831236778,-18.941461935092498,93.6,0.7168520396761302
2015-01-01,-0.22993097820542818,1.631625565241701,5.7,0.11,1.88,0.03,1.8499999999999999,-0.7848268733052777,0.14533641104557127,-10.589335827876523,98.1,0.7475933638287691
2015-02-01,-0.08703146293520536,1.6880834938713285,5.5,0.11,1.98,0.02,1.96,-0.6385429169845525,0.18425246144215812,4.289600334798083,95.4,0.9961711788025518
2015-03-01,-0.022031284423873476,1.7453777073428434,5.4,0.11,2.04,0.03,2.0100000000000002,-0.33462612548724735,0.06816874605011236,-4.253611556982351,93.0,-0.019290770624347253
2015-04-01,-0.10403098939391064,1.802827832894649,5.4,0.12,1.94,0.02,1.92,-0.5455808831756226,0.19372281316747397,24.937133277451796,95.9,0.2860618262656711
2015-05-01,0.03503321824429584,1.7509440952473199,5.6,0.12,2.2,0.02,2.18,-0.44130635364704185,0.24221649338507234,1.0566923851056842,90.7,0.23421946363741952
2015-06-01,0.1795718097550525,1.7772676244655061,5.3,0.13,2.36,0.02,2.34,-0.3145062410606636,0.12081561135526275,-1.2780082987551955,96.1,0.3388246290454422
2015-07-01,0.22568611104094582,1.8346312894897077,5.2,0.13,2.32,0.03,2.29,0.6480993526961187,0.19899935783895817,-20.796906523201073,93.1,0.3642956949896803
2015-08-01,0.2413037985344868,1.8506323273421277,5.1,0.14,2.17,0.07,2.1,-0.1838518594625027,0.09437217851835378,4.4364253873912185,91.9,0.37291787519682096
2015-09-01,0.008842961634170088,1.8970961446650891,5.0,0.14,2.17,0.02,2.15,-0.27910650288459626,0.10554089709762238,-8.41463414634146,87.2,0.5110634081902266
2015-10-01,0.12761656067050708,1.9135335359607986,5.0,0.12,2.07,0.02,2.05,-0.4835506432950498,0.21367070813564926,3.417665335108744,90.0,0.4213933086356869
2015-11-01,0.4363182169185187,1.9974275238246353,5.1,0.12,2.26,0.12,2.1399999999999997,-0.7357319171217069,0.16061271295211288,-13.240343347639483,91.3,0.750907960605951
2015-12-01,0.6387247515364791,2.0715072792840905,5.0,0.24,2.24,0.23,2.0100000000000002,-0.490405888487655,0.18836479749033685,-8.162255750680181,92.6,0.5756271819436609
2016-01-01,1.2375025026943876,2.145022538582464,4.8,0.34,2.09,0.26,1.8299999999999998,0.5240216999506275,0.0929569392704721,-9.345542687853502,92.0,1.0542545548478888
2016-02-01,0.8472775790126619,2.222573822094165,4.9,0.38,1.78,0.31,1.47,-0.5184776724149187,0.136861950981082,-2.7332144979203665,91.7,0.6821903582697519
2016-03-01,0.8916160965521946,2.142426948557663,5.0,0.36,1.89,0.29,1.5999999999999999,-0.7419897116952456,0.17851414864091808,12.828344532681712,91.0,0.45938161997476357
2016-04-01,1.1726257503534843,2.156654761214183,5.1,0.37,1.81,0.23,1.58,0.33821722395370735,0.13364703261822264,24.47211694639957,89.0,0.6428785796648295
2016-05-01,1.0784764621246223,2.2545595974976074,4.8,0.37,1.81,0.27,1.54,-0.22677943798843359,0.03197686543301437,6.78555893866899,94.7,0.4614225626216273
2016-06-01,1.0792865347959424,2.2622116465067066,4.9,0.38,1.64,0.27,1.3699999999999999,0.4723710200531528,0.17164697706741894,-1.6904276985743372,93.5,0.39446961412279435
2016-07-01,0.8683633430518256,2.1701399624842965,4.8,0.39,1.5,0.3,1.2,0.11720887146766668,0.2587636232457058,-13.942407292314074,90.0,0.4621668936004575
2016-08-01,1.0553158595656864,2.3087345614186683,4.9,0.4,1.56,0.3,1.26,-0.15070828855183738,0.09756435095489291,7.558979297063084,89.8,0.6025449391646509
2016-09-01,1.5486446201652182,2.271120682569183,5.0,0.4,1.63,0.29,1.3399999999999999,-0.10551340414769461,0.21152902302625787,6.80393912264996,91.2,0.5019361494106755
2016-10-01,1.685924966243646,2.2045551507991146,4.9,0.4,1.76,0.33,1.43,0.015595615809083085,0.06760159208647476,-1.8650461022632014,87.2,0.5201112226060678
2016-11-01,1.6843334719788938,2.1454219398053587,4.7,0.41,2.14,0.45,1.6900000000000002,-0.417168298044468,0.08134284631027278,5.509288917360666,93.8,0.6545859115432817
2016-12-01,2.0507989115119862,2.197123661300271,4.7,0.54,2.49,0.51,1.9800000000000002,0.6835853098808187,0.15497682235523502,8.783647035013153,98.2,0.19835411509079304
2017-01-01,2.5103933482571117,2.2502092221020176,4.7,0.65,2.43,0.51,1.9200000000000002,-0.2628724699913376,0.15129841549295087,-1.8604651162790753,98.5,0.6105070684327085
2017-02-01,2.8103616813294208,2.2353468290497336,4.6,0.66,2.42,0.52,1.9,-0.4014738596471723,0.14969648693932136,2.369668246445489,96.3,0.5940356120969881
2017-03-01,2.44119623655914,2.045845481938735,4.4,0.79,2.48,0.74,1.74,0.6598918716692825,0.08502118673121561,-6.4074074074074066,96.9,0.513632155761945
2017-04-01,2.176223471915395,1.8965650108902388,4.4,0.9,2.3,0.8,1.4999999999999998,1.01874791064267,0.1404398164006393,-2.433715868618913,97.0,0.4315339136635066
2017-05-01,1.8563431667619756,1.7370931912259246,4.4,0.91,2.3,0.89,1.4099999999999997,0.11837348433949568,0.14024285958611493,-2.0685459338876555,97.1,0.34906853428191553
2017-06-01,1.640565809959127,1.6991193342490218,4.3,1.04,2.19,0.98,1.21,0.20600993800727885,0.13868014756113212,-4.700766204183049,95.0,0.08548961227512475
2017-07-01,1.7251073506566073,1.6769627444729984,4.3,1.15,2.32,1.07,1.2499999999999998,-0.23946880378206137,0.12893718916928698,9.104737070838764,93.4,0.46095504583778535
2017-08-01,1.92812155729698,1.6552412618799472,4.4,1.16,2.21,1.01,1.2,-0.41385799965637515,0.10015534298095652,-5.875323640709029,96.8,0.4002023000637678
2017-09-01,2.1805652303711787,1.5953898457655935,4.3,1.15,2.2,1.03,1.1700000000000002,0.10321739348497783,0.06057759717938982,9.331358442657645,95.1,0.3460434963534098
2017-10-01,2.020757753132485,1.7596390813271245,4.2,1.15,2.36,1.07,1.2899999999999998,1.231820304342679,0.09591314758381486,5.206115734468741,100.7,0.4001425962706806
2017-11-01,2.172493864295566,1.7376072726981162,4.2,1.16,2.35,1.23,1.12,0.23924842142566405,0.15154707133586687,5.592347314201618,98.5,0.3144904747067079
2017-12-01,2.129930719552253,1.770166453265043,4.1,1.3,2.4,1.32,1.0799999999999998,0.19552388551384858,0.10246179735635685,5.331010452961671,95.9,0.2759417777296269
2018-01-01,2.151318868063945,1.8912671130328462,4.0,1.41,2.58,1.41,1.1700000000000002,-0.0018725779682204902,0.09286687499576729,7.2113794244128115,95.7,0.13398935288904124
2018-02-01,2.263468931091861,1.87770420481439,4.1,1.42,2.86,1.57,1.2899999999999998,0.24245410866083894,0.26682920222131923,-5.229867324899717,99.7,0.35251037747385805
2018-03-01,2.3309497646499366,2.1227843662331214,4.0,1.51,2.84,1.7,1.14,0.4898312333777355,0.1526470071730568,5.599869770470467,101.4,0.45450309334520433
2018-04-01,2.4709963021052994,2.150644636125887,4.0,1.69,2.87,1.76,1.11,1.1018847101021745,0.09441596978689848,5.688299676275621,98.8,0.1655640954277171
2018-05-01,2.781921607842497,2.272998448872432,3.8,1.7,2.98,1.86,1.1199999999999999,-0.9004876472062606,0.21695189327584075,-2.3045507584597447,98.0,0.4025392030436281
2018-06-01,2.8075506935940187,2.245517307127032,4.0,1.82,2.91,1.9,1.0100000000000002,0.7769349155879013,0.14656250420190808,10.674828306957295,98.2,0.3179018478044915
2018-07-01,2.854124785561929,2.267595293370639,3.8,1.91,2.89,1.96,0.9300000000000002,0.1614372371557593,0.04027926960257222,-5.733171455551056,97.9,0.2645502645502562
2018-08-01,2.6429238568742575,2.1208941334864617,3.8,1.91,2.89,2.03,0.8600000000000003,0.6463528132455432,0.17246007247349038,-0.05724098454492621,96.2,0.34286681811126485
2018-09-01,2.332055105808828,2.1976804898501623,3.7,1.95,3.0,2.13,0.8700000000000001,0.06507569254665668,0.05426154062582178,4.7537227949598915,100.1,0.15678609595590753
2018-10-01,2.492032470218053,2.126409125691242,3.8,2.19,3.15,2.25,0.8999999999999999,-0.11027815455079137,0.113150952744423,-10.729907053034438,98.6,0.07791934295040548
2018-11-01,2.147328577667773,2.2153843729315836,3.8,2.2,3.12,2.33,0.79,0.0793379083257717,0.06018979849793382,-22.247741540346045,97.5,0.1837745324972273
2018-12-01,2.0023809043401064,2.2485295505299874,3.9,2.27,2.83,2.37,0.45999999999999996,0.02450318589461986,0.12832766330028722,-11.08704214257582,98.3,0.7281485423026313
2019-01-01,1.4875893578291333,2.1794329242488475,4.0,2.4,2.71,2.37,0.33999999999999986,-0.6643059707801324,0.1675466761009048,19.24695459579182,91.2,0.5067144882809238
2019-02-01,1.5188615351321877,2.1410889637129227,3.8,2.4,2.68,2.39,0.29000000000000004,-0.5464105661296959,0.004664800746367881,6.259286775631501,93.8,0.3222750126212759
2019-03-01,1.8831863513063984,2.06656235001228,3.8,2.41,2.57,2.4,0.16999999999999993,0.037535091907470175,0.15193213697881625,5.20887956650935,98.4,0.352950097543836
2019-04-01,2.000583470209061,2.0913377235709074,3.7,2.42,2.53,2.38,0.1499999999999999,-0.584880588904857,0.19694600618782587,6.047516198704095,97.2,0.2555383822771873
2019-05-01,1.7959105553606136,1.97242800754438,3.6,2.39,2.4,2.35,0.04999999999999982,0.1153763419832865,0.017929358328183653,-16.19927933573554,100.0,0.7516427196173847
2019-06-01,1.671194894390049,2.0746001344216447,3.6,2.38,2.07,2.17,-0.10000000000000009,0.04443706539574155,0.14606487936368318,8.80538418395962,98.2,0.6691874540953657
2019-07-01,1.826331335037068,2.1657049503490455,3.7,2.4,2.06,2.1,-0.040000000000000036,-0.4848810250152602,0.06563332847160375,0.5670103092783485,98.4,0.567460210230486
2019-08-01,1.7376412106666406,2.321135673598529,3.6,2.13,1.63,1.95,-0.32000000000000006,0.6849073187575438,0.15370651331350071,-5.911498376900736,89.8,0.5884407663164781
2019-09-01,1.6844977040391562,2.3300099083477743,3.5,2.04,1.7,1.89,-0.18999999999999995,-0.3383704050117342,0.12965621258327342,-1.7795532958053362,93.2,0.48482743882893864
2019-10-01,1.7339736996186295,2.3378148209658223,3.6,1.83,1.71,1.65,0.06000000000000005,-0.8442522707120981,0.0627621973375625,-0.12941393973008308,95.5,0.9111450787532505
2019-11-01,2.092290394862917,2.3546960942649298,3.6,1.55,1.81,1.54,0.27,0.5019319103877651,0.1366697477881873,7.589781562384301,96.8,0.7369551043525879
2019-12-01,2.3195274699624457,2.2905988164406255,3.6,1.55,1.86,1.54,0.32000000000000006,-0.23239798621111918,0.08373607970091346,5.1961459050240855,99.3,0.3366893305439378
2020-01-01,2.599767976845202,2.2817391837892886,3.6,1.55,1.76,1.52,0.24,-0.6553569655153413,0.15613265346456906,-15.636244684331047,99.8,0.5186512461312853
2020-02-01,2.3413166797595197,2.3676613601035346,3.5,1.58,1.5,1.52,-0.020000000000000018,0.3362241150981271,0.17233327413488375,-13.086467623109732,101.0,0.42976320889862585
2020-03-01,1.4940399642909163,2.097741687598198,4.4,0.65,0.87,0.29,0.5800000000000001,-3.9119691043517424,-0.9179673392736398,-54.249386571492295,89.1,3.4827733099255243
2020-04-01,0.3130472940411133,1.4309324152566472,14.8,0.05,0.66,0.14,0.52,-13.187752931490081,-13.56506179793896,-6.240858117991232,71.8,6.438595396993696
2020-05-01,0.1982013035848551,1.2184564692601985,13.2,0.05,0.67,0.13,0.54,1.6538180906531252,2.0042016162421517,84.97139885595423,72.3,5.084000867256955
2020-06-01,0.7166562831830481,1.1836841884912408,11.0,0.08,0.73,0.16,0.57,6.553017435935615,3.4809079975947066,10.402024177677816,78.1,1.4018926107879803
2020-07-01,0.9968647625897997,1.560695837131587,10.2,0.09,0.62,0.13,0.49,3.7472132271539227,1.1505691104154003,2.1135727018079864,72.5,0.8309365771572264
2020-08-01,1.2810698495523853,1.7223933878284248,8.4,0.1,0.65,0.1,0.55,0.9779469953359987,1.1245556712505822,6.259351620947617,74.1,0.4134079431045823
2020-09-01,1.3910228912373812,1.7190644053436621,7.8,0.09,0.68,0.11,0.5700000000000001,0.0125058751559326,0.6739051703936294,-6.007979347571002,80.4,1.0390414530285774
2020-10-01,1.2303863428671624,1.6364116692455521,6.9,0.09,0.79,0.1,0.6900000000000001,0.8049650452395696,0.4867038160400572,-11.011235955056176,81.8,0.8337589033732051
2020-11-01,1.1757452138405844,1.6693780408814973,6.7,0.09,0.87,0.09,0.78,0.3537338457753503,0.19163273901445788,26.823793490460158,76.9,1.2762826800870153
2020-12-01,1.3204191315779434,1.624313961356294,6.7,0.09,0.93,0.09,0.8400000000000001,1.319920561671828,-0.12961263337840645,6.969026548672552,80.7,0.624835500342158
2021-01-01,1.3738437137002402,1.3763703714812836,6.4,0.09,1.08,0.08,1.0,0.5278407531287055,0.22097819681792252,7.8800413650465195,79.0,1.377401821539359
2021-02-01,1.6698167791706853,1.280248344990098,6.2,0.08,1.26,0.04,1.22,-3.3042347358776314,0.3618851627083197,18.002300613496924,76.8,1.3561071262707003
2021-03-01,2.6678187820641908,1.6494791315614155,6.1,0.07,1.61,0.03,1.58,2.8977701174189185,0.5942251360022244,-3.8342810722989396,84.9,1.1780997668238147
2021-04-01,4.133077115360573,2.9780316542864504,6.1,0.07,1.64,0.02,1.6199999999999999,0.17594038151924618,0.24613123301346906,7.281635411387066,88.3,1.520640863071887
2021-05-01,4.918257089467626,3.7876961101984907,5.8,0.06,1.62,0.02,1.6,0.8873899513690775,0.33059680330873586,4.425196850393709,82.9,1.4056722543295264
2021-06-01,5.295632620349999,4.439362194328367,5.9,0.08,1.52,0.04,1.48,0.3674825234604384,0.5204563471547186,10.873171467350318,85.5,0.08846962217117227
2021-07-01,5.245169381309234,4.210719214328185,5.4,0.1,1.32,0.05,1.27,0.4541141317472075,0.6460019201755651,0.5576713819368972,81.2,0.7628033266429357
2021-08-01,5.152015301793966,3.9396919775577244,5.1,0.09,1.28,0.05,1.23,-0.2076768619846625,0.3761191589103374,-7.439469768700125,70.3,1.0051712522960443
2021-09-01,5.351215590949132,4.002855729865806,4.7,0.08,1.37,0.04,1.33,-1.1852820317521218,0.3102217033004395,9.922548589799774,72.8,0.6732019557884383
2021-10-01,6.235042390298062,4.590317334184912,4.5,0.08,1.58,0.05,1.53,1.3435446231408799,0.5420549363542193,11.00771071523532,71.7,0.8564892045183736
2021-11-01,6.901970403700863,4.972572143965692,4.1,0.08,1.56,0.05,1.51,0.678038170963835,0.4428829119887956,-20.790419161676642,67.4,0.8279499260421375
2021-12-01,7.174340285065539,5.488993530393094,3.9,0.08,1.47,0.06,1.41,-0.2902878489551397,0.39268243650740775,13.894768672512846,70.6,0.7635018911787084
2022-01-01,7.558805726967832,6.05428515424189,4.0,0.08,1.76,0.15,1.61,-0.3847966543571557,0.12682223527527015,18.35921943448826,67.2,0.7032950676316929
2022-02-01,7.937278766517819,6.4551151617656455,3.9,0.08,1.93,0.33,1.5999999999999999,0.6196499297304259,0.5459781608735614,7.81740690892776,62.8,0.3454965357967632
2022-03-01,8.572204966013853,6.482378554404167,3.7,0.2,2.13,0.44,1.69,0.5796258967684542,0.32487982761477685,4.577135129512122,59.4,0.28538812785388057
2022-04-01,8.231750770777225,6.158737119052837,3.7,0.33,2.75,0.76,1.99,0.0486237889668395,0.203548888081162,4.03859544414602,65.2,-0.07940587878898508
2022-05-01,8.538171195642065,6.0254478790408905,3.6,0.77,2.9,0.98,1.92,-0.10498817034699792,0.1985186943933348,9.360359498996074,58.4,-0.22967913824387676
2022-06-01,8.979361103105798,5.906335651591377,3.6,1.21,3.14,1.49,1.6500000000000001,-0.31134817212471466,0.28566915036465357,-5.787725126770404,50.0,-0.31446396095674567
2022-07-01,8.462576727730099,5.899916740834321,3.5,1.68,2.9,2.23,0.6699999999999999,0.2029341305509913,0.4686330878588496,-5.985523385300673,51.5,0.007389890629605489
2022-08-01,8.222579178218826,6.286089097732228,3.6,2.33,2.9,2.63,0.27,-0.12516918091738383,0.1894533291523004,-11.074918566775239,58.2,-0.06742776915686921
2022-09-01,8.192106896425821,6.624287624509306,3.5,2.56,3.52,3.13,0.3900000000000001,0.19337997533044327,0.14345144168699253,-11.299811299811303,58.6,-0.4700021258699949
2022-10-01,7.758813957693,6.294999786983246,3.6,3.08,3.98,3.72,0.2599999999999998,-0.03840389843995373,0.2324491151306729,8.296833938180459,59.9,-0.3482460009750943
2022-11-01,7.122856456533988,5.969880665899807,3.6,3.78,3.89,4.15,-0.26000000000000023,-0.29401627015126497,0.19683121236333534,-7.002542177027971,56.7,-0.2562728607040543
2022-12-01,6.404600402357152,5.685531944736666,3.5,4.1,3.62,4.25,-0.6299999999999999,-1.1775520230755787,0.06483318421701689,-0.3976143141153132,59.8,-0.539555742414688
2023-01-01,6.327178517960097,5.539533472591773,3.5,4.33,3.53,4.54,-1.0100000000000002,0.7403294095005952,0.2811937126640851,-1.509481037924143,64.9,-0.054483114931180854
2023-02-01,5.957820738137087,5.498260329618088,3.6,4.57,3.75,4.65,-0.9000000000000004,0.13591363613749685,0.18736755052461973,-2.6219126029132456,66.9,-0.171527392689641
2023-03-01,4.917719362889961,5.566741392671326,3.5,4.65,3.66,4.69,-1.0300000000000002,0.3764844756045216,0.043852295151736165,-1.5608740894901052,62.0,-1.3938774837710555
2023-04-01,4.950079879124369,5.514364195873522,3.4,4.83,3.46,4.92,-1.46,0.23015130592305422,0.15534956875991046,1.4534883720930258,63.7,-0.8850993946569297
2023-05-01,4.131851231385042,5.337547036084689,3.6,5.06,3.57,5.14,-1.5699999999999998,-0.32038556882264535,0.18020917135961323,-11.29200312581402,59.0,0.3284942248595879
2023-06-01,3.070617072997095,4.853596327155252,3.6,5.08,3.75,5.16,-1.4100000000000001,-0.8015567440745164,0.14455044810639528,3.743943620613699,64.2,-0.14546606751929536
2023-07-01,3.287749268428297,4.700970557935236,3.5,5.12,3.9,5.25,-1.35,0.786159752935478,0.10456761611497001,15.765638267761117,71.5,-0.03894361829483994
2023-08-01,3.722504803505289,4.399143440066089,3.7,5.33,4.17,5.3,-1.13,-0.06679437539827138,0.13970508129168557,2.1393643031784926,69.4,-0.06733618069183489
2023-09-01,3.687206638119256,4.128747996485882,3.7,5.33,4.38,5.32,-0.9400000000000004,0.18028685244741993,0.09983297175879535,8.641532016756436,67.8,-0.14150126099763405
2023-10-01,3.2512659098611785,4.027401561127464,3.9,5.33,4.8,5.34,-0.54,-0.5466184787138562,0.10165135503175105,-10.058389335683593,63.8,-0.07181484301949093
2023-11-01,3.1333462745911866,4.017980521102138,3.7,5.33,4.5,5.27,-0.7699999999999996,0.39315648922202406,0.08111077048844617,-7.32484076433122,61.3,0.06559622628767858
2023-12-01,3.3159099427102934,3.9154727698627045,3.8,5.33,4.02,5.24,-1.2200000000000006,-0.25856624619908786,0.09827508088549042,-4.9828178694158005,69.7,0.15135083026054374
2024-01-01,3.0883429864855705,3.8583540949372663,3.7,5.33,4.06,5.22,-1.1600000000000001,-1.3725223179007373,0.11156658612621051,6.106551676171934,79.0,0.317645190322402
2024-02-01,3.157074141648697,3.7619647313751337,3.9,5.33,4.21,5.24,-1.0300000000000002,1.0710293956096573,0.13118345305416224,3.854221289984272,76.9,0.4005968172942742
2024-03-01,3.4868349120836584,3.8161935067360986,3.9,5.33,4.21,5.24,-1.0300000000000002,0.17200977214937296,0.14500311629503937,5.98333754102498,79.4,0.2221967372917799
2024-04-01,3.3607951262196734,3.6260251717590952,3.9,5.33,4.54,5.24,-0.7000000000000002,-0.2131249533384838,0.04064369451182159,-0.5597903763696954,77.2,-0.06770319301608874
2024-05-01,3.244278584003113,3.394419668976645,3.9,5.33,4.48,5.25,-0.7699999999999996,0.6180955554181189,0.049514378213677546,-6.6115702479338845,69.1,0.29055759385867574
2024-06-01,2.9702579486470926,3.2654173234475614,4.1,5.33,4.31,5.24,-0.9300000000000006,0.030734759029571457,0.05520024364245035,6.233166602539431,68.2,0.22739598298813224
2024-07-01,2.9414757935583014,3.2301916105644812,4.2,5.33,4.25,5.2,-0.9500000000000002,-0.9101631415148637,0.033609182282257066,-4.18930339249064,66.4,0.1276793681532329
2024-08-01,2.607144490692037,3.2850959364300047,4.2,5.33,3.87,5.05,-1.1799999999999997,0.45531064048562886,0.005705302127445577,-6.0987903225806495,67.9,0.4337459054860604
2024-09-01,2.4264830315416708,3.2823574494668994,4.1,5.13,3.72,4.72,-0.9999999999999996,-0.619829156166074,0.0982523754888831,-7.742887815351573,70.1,0.3903373798780363
2024-10-01,2.578844053871343,3.298689706765301,4.1,4.83,4.1,4.51,-0.41000000000000014,-0.33955057890919793,0.02089771518314354,1.2072727272727235,70.5,0.2933778415101562
2024-11-01,2.719472461284833,3.2859356193500444,4.2,4.64,4.36,4.42,-0.05999999999999961,-0.17794399288223461,0.08483965937509108,-1.8970968669157706,71.8,0.563944139996897
2024-12-01,2.870690967509981,3.2133335461932644,4.1,4.48,4.39,4.27,0.1200000000000001,1.0421733766397212,0.14992503748125774,6.123644887196011,74.0,0.1570934449613537
2025-01-01,2.9909783078999608,3.282970485398584,4.0,4.33,4.63,4.21,0.41999999999999993,-0.261743314132834,-0.030319108618204194,0.5521811154058698,71.7,0.28949217859153276
2025-02-01,2.8015834477613355,3.13755688228059,4.2,4.33,4.45,4.22,0.23000000000000043,1.033931046612846,0.02653726590340355,-3.9401427786930343,64.7,0.30350703774346677
2025-03-01,2.381981462805549,2.808783050077035,4.2,4.33,4.28,4.2,0.08000000000000007,-0.05825955273676131,0.04232202640388483,2.7154494783478755,57.0,0.3706017072662826
2025-04-01,2.32538823025783,2.7760200724699313,4.2,4.33,4.28,4.21,0.07000000000000028,0.08659902375682815,0.06819171975729343,-17.142062056490893,52.2,0.37799166574472576
2025-05-01,2.3772651073680873,2.7658403935930886,4.3,4.33,4.42,4.25,0.16999999999999993,-0.16058871982903566,0.00820266902230582,3.207388748950457,52.2,0.26773085471814007
2025-06-01,2.680453865910226,2.910895442696071,4.1,4.33,4.38,4.23,0.14999999999999947,0.5080943490598289,-0.012618455753388158,7.875040676862999,60.7,0.48044554568811293
2025-07-01,2.742618052167134,3.0544930080893096,4.3,4.33,4.39,4.25,0.13999999999999968,0.4094463359233913,0.04038415426745878,6.123680241327301,61.7,0.3701205170747679
2025-08-01,2.9385917430316155,3.111806098514469,4.3,4.33,4.26,4.12,0.13999999999999968,-0.26429426659076993,-0.04415233818167996,-8.52757248436612,58.2,0.3042688465031862
2025-09-01,3.0225715847133294,3.0199668258857892,4.4,4.22,4.12,3.92,0.20000000000000018,0.04260775185560561,0.047957998889391895,-1.8489745183343675,55.1,0.3771449268800575
2025-11-01,2.6964439164939513,2.5990448060944082,4.5,3.88,4.09,3.78,0.31000000000000005,-0.1368313417869027,0.025882531185295043,-5.133603238866402,51.0,0.14565005327016323
2025-12-01,2.653304114557753,2.6464847073089937,4.4,3.72,4.14,3.59,0.5499999999999998,0.5246287630711999,-0.010729004285292554,-2.2533287811539737,52.9,0.3416002693300335
2026-01-01,2.391201432150014,2.512028782828879,4.3,3.64,4.21,3.57,0.6400000000000001,-0.015647865936174732,0.10098969905070199,12.644079636744676,56.4,0.33864791353517276
2026-02-01,2.4340041103732224,2.4724624767640258,4.4,3.64,4.13,3.6,0.5299999999999998,0.7368443846867079,-0.0838629943502811,3.8139534883720794,56.6,0.8827738716767897
